INSERT INTO "public"."menu_item" ("id", "name_uni", "name_zawgyi", "unit_price", "description_uni", "description_zawgyi", "menu_category_id", "created_at", "updated_at", "menu_id") VALUES ('1', 'ပဲသုတ်', 'ပဲသုတ်', '500', 'နှစ်ယောက်စာ ပဲသုတ် ဖြစ်ပါတယ်', '', '1', '2020-04-04 15:37:42', '', '1');
INSERT INTO "public"."menu_item" ("id", "name_uni", "name_zawgyi", "unit_price", "description_uni", "description_zawgyi", "menu_category_id", "created_at", "updated_at", "menu_id") VALUES ('2', 'အာလူးစမူဆာ ', 'အာလူးစမူဆာ ', '100', 'အာလူးစမူဆာ ', '', '1', '2020-04-04 15:39:45', '', '1');
INSERT INTO "public"."menu_item" ("id", "name_uni", "name_zawgyi", "unit_price", "description_uni", "description_zawgyi", "menu_category_id", "created_at", "updated_at", "menu_id") VALUES ('3', 'ကီးမား စမူဆာ', 'ကီးမား စမူဆာ', '200', 'ကီးမား စမူဆာ', '', '1', '2020-04-04 15:41:20', '', '1');
INSERT INTO "public"."menu_item" ("id", "name_uni", "name_zawgyi", "unit_price", "description_uni", "description_zawgyi", "menu_category_id", "created_at", "updated_at", "menu_id") VALUES ('4', 'ဗယာကြော်', 'ဗယာကြော်', '100', 'ကဗယာကြော်', '', '1', '2020-04-04 15:41:20', '', '1');
INSERT INTO "public"."menu_item" ("id", "name_uni", "name_zawgyi", "unit_price", "description_uni", "description_zawgyi", "menu_category_id", "created_at", "updated_at", "menu_id") VALUES ('5', 'မပဲကြော်', 'မပဲကြော်', '100', 'မပဲကြော်', '', '1', '2020-04-04 15:43:39', '', '1');
INSERT INTO "public"."menu_item" ("id", "name_uni", "name_zawgyi", "unit_price", "description_uni", "description_zawgyi", "menu_category_id", "created_at", "updated_at", "menu_id") VALUES ('6', 'ကြာဇံကြော်', 'ကြာဇံကြော်', '500', 'ကြာဇံကြော်', '', '1', '2020-04-04 15:44:31', '', '1');
INSERT INTO "public"."menu_item" ("id", "name_uni", "name_zawgyi", "unit_price", "description_uni", "description_zawgyi", "menu_category_id", "created_at", "updated_at", "menu_id") VALUES ('7', 'ခေါက်ဆွဲကြော်', 'ခေါက်ဆွဲကြော်', '500', 'ခေါက်ဆွဲကြော်', '', '1', '2020-04-04 15:47:12', '', '2');
INSERT INTO "public"."menu_item" ("id", "name_uni", "name_zawgyi", "unit_price", "description_uni", "description_zawgyi", "menu_category_id", "created_at", "updated_at", "menu_id") VALUES ('8', 'ဖာလူဒါ', 'ဖာလူဒါ', '1000', 'ဖာလူဒါ', '', '3', '2020-04-08 11:16:19', '', '3');


INSERT INTO "public"."menu_category" ("id", "name_uni", "name_zawgyi", "created_at", "updated_at") VALUES ('1', 'အကြော်', 'အကြော်', '2020-04-04 15:59:37', '');
INSERT INTO "public"."menu_category" ("id", "name_uni", "name_zawgyi", "created_at", "updated_at") VALUES ('2', 'အချိူပွဲ', 'အချိူပွဲ', '2020-04-04 16:00:06', '');
INSERT INTO "public"."menu_category" ("id", "name_uni", "name_zawgyi", "created_at", "updated_at") VALUES ('3', 'စွပ်ပြုတ်', 'စွပ်ပြုတ်', '2020-04-04 16:00:27', '');


            INSERT INTO "public"."menu" ("id", "name_uni", "name_zawgyi", "created_at", "updated_at") VALUES ('1', 'ကာဆင်ဘိုင် ပဲသုတ် နှင့်အကြော်', 'ကာဆင်ဘို', '2020-04-04 16:02:57', '');
             INSERT INTO "public"."menu" ("id", "name_uni", "name_zawgyi", "created_at", "updated_at") VALUES ('2', 'ယာဆင်ဘိုင်', 'ယာဆင်ဘိုင် ခေါက်ဆွဲကြော်', '2020-04-04 16:03:09', '');
             INSERT INTO "public"."menu" ("id", "name_uni", "name_zawgyi", "created_at", "updated_at") VALUES ('3', 'ခါမွရ်ကီး', 'ခါမွရ်ကီး', '2020-04-04 16:03:53', '');

INSERT INTO "public"."shop" ("id", "name_uni", "name_zawgyi","description", "lat", "lon", "menu_id","phone_number_1","phone_number_2","phone_number_3", "address", "township_id", "region_id", "created_at", "updated_at") VALUES ('1', 'ရောင်နက်ဗလီ ရှေ့ ကဆင်ဘိုင်', 'ရောင်နက်ဗလီ ရှေ့ ကဆင်ဘိုင်','ရမ်ဇမ် လအတွက်သာဖွင့်သောဆိုင်ဖြစ်ပါသည်', '16.7894243', '96.1672589', '0','+11111','+11111','+11111', '', '0', '0', '2020-04-04 17:44:56', '');
INSERT INTO "public"."shop" ("id", "name_uni", "name_zawgyi","description", "lat", "lon", "menu_id","phone_number_1","phone_number_2","phone_number_3", "address", "township_id", "region_id", "created_at", "updated_at") VALUES ('2', 'ရောင်နက်ဗလီ ရှေ့ ကဆင်ဘိုင်', 'ရောင်နက်ဗလီ ရှေ့ ဇမ်ဇမ်','ရမ်ဇမ် လအတွက်သာဖွင့်သောဆိုင်ဖြစ်ပါသည်', '16.7895347', '96.1684766', '0','+11111','+11111','+11111', '', '0', '0', '2020-04-04 17:48:46', '');
INSERT INTO "public"."shop" ("id", "name_uni", "name_zawgyi","description", "lat", "lon", "menu_id","phone_number_1","phone_number_2","phone_number_3", "address", "township_id", "region_id", "created_at", "updated_at") VALUES ('3', 'ရောင်နက်ဗလီ ရှေ့ ဟူစိန်ဘိုင် ဖရဲသီး', 'ရောင်နက်ဗလီ ရှေ့ ဟူစိန်ဘိုင် ဖရဲသီး','ရမ်ဇမ် လအတွက်သာဖွင့်သောဆိုင်ဖြစ်ပါသည်', '16.7888639', '96.1690479', '0','+11111','+11111','+11111', '', '0', '0', '2020-04-04 17:50:39', '');
INSERT INTO "public"."shop" ("id", "name_uni", "name_zawgyi", "description","lat", "lon", "menu_id","phone_number_1","phone_number_2","phone_number_3", "address", "township_id", "region_id", "created_at", "updated_at") VALUES ('4', 'ရောင်နက်ဗလီ ရှေ့ ကဆင်ဘိုင်', 'ရောင်နက်ဗလီ ရှေ့ ကဆင်ဘိုင်','ရမ်ဇမ် လအတွက်သာဖွင့်သောဆိုင်ဖြစ်ပါသည်', '16.7894243', '96.1672589', '0','+11111','+11111','+11111', '', '0', '0', '2020-04-04 17:44:56', '');
INSERT INTO "public"."shop" ("id", "name_uni", "name_zawgyi", "description","lat", "lon", "menu_id","phone_number_1","phone_number_2","phone_number_3", "address", "township_id", "region_id", "created_at", "updated_at") VALUES ('5', 'ရောင်နက်ဗလီ ရှေ့ ကဆင်ဘိုင်', 'ရောင်နက်ဗလီ ရှေ့ ဇမ်ဇမ်','ရမ်ဇမ် လအတွက်သာဖွင့်သောဆိုင်ဖြစ်ပါသည်', '16.7895347', '96.1684766', '0','+11111','+11111','+11111', '', '0', '0', '2020-04-04 17:48:46', '');
INSERT INTO "public"."shop" ("id", "name_uni", "name_zawgyi","description", "lat", "lon", "menu_id","phone_number_1","phone_number_2","phone_number_3", "address", "township_id", "region_id", "created_at", "updated_at") VALUES ('6', 'ရောင်နက်ဗလီ ရှေ့ ဟူစိန်ဘိုင် ဖရဲသီး', 'ရောင်နက်ဗလီ ရှေ့ ဟူစိန်ဘိုင် ဖရဲသီး','ရမ်ဇမ် လအတွက်သာဖွင့်သောဆိုင်ဖြစ်ပါသည်', '16.7888639', '96.1690479', '0','+11111','+11111','+11111', '', '0', '0', '2020-04-04 17:50:39', '');
INSERT INTO "public"."shop" ("id", "name_uni", "name_zawgyi","description", "lat", "lon", "menu_id","phone_number_1","phone_number_2","phone_number_3", "address", "township_id", "region_id", "created_at", "updated_at") VALUES ('7', 'ရောင်နက်ဗလီ ရှေ့ ဟူစိန်ဘိုင် ဖရဲသီး', 'ရောင်နက်ဗလီ ရှေ့ ငုံးဆိုင်','ရမ်ဇမ် လအတွက်သာဖွင့်သောဆိုင်ဖြစ်ပါသည်', '16.7888228', '96.1693229', '0','+11111','+11111','+11111', '', '0', '0', '2020-04-04 17:53:52', '');
INSERT INTO "public"."shop" ("id", "name_uni", "name_zawgyi","description", "lat", "lon", "menu_id","phone_number_1","phone_number_2","phone_number_3", "address", "township_id", "region_id", "created_at", "updated_at") VALUES ('8', 'ရောင်နက်ဗလီ ရှေ့ ကဆင်ဘိုင်', 'ရောင်နက်ဗလီ ရှေ့ ကဆင်ဘိုင်','ရမ်ဇမ် လအတွက်သာဖွင့်သောဆိုင်ဖြစ်ပါသည်', '16.7894243', '96.1672589', '0','+11111','+11111','+11111', '', '0', '0', '2020-04-04 17:44:56', '');
INSERT INTO "public"."shop" ("id", "name_uni", "name_zawgyi","description", "lat", "lon", "menu_id","phone_number_1","phone_number_2","phone_number_3", "address", "township_id", "region_id", "created_at", "updated_at") VALUES ('9', 'ရောင်နက်ဗလီ ရှေ့ ကဆင်ဘိုင်', 'ရောင်နက်ဗလီ ရှေ့ ဇမ်ဇမ်', 'ရမ်ဇမ် လအတွက်သာဖွင့်သောဆိုင်ဖြစ်ပါသည်','16.7895347', '96.1684766', '0','+11111','+11111','+11111', '', '0', '0', '2020-04-04 17:48:46', '');
INSERT INTO "public"."shop" ("id", "name_uni", "name_zawgyi","description", "lat", "lon", "menu_id","phone_number_1","phone_number_2","phone_number_3", "address", "township_id", "region_id", "created_at", "updated_at") VALUES ('10', 'ရောင်နက်ဗလီ ရှေ့ ဟူစိန်ဘိုင် ဖရဲသီး', 'ရောင်နက်ဗလီ ရှေ့ ဟူစိန်ဘိုင် ဖရဲသီး','ရမ်ဇမ် လအတွက်သာဖွင့်သောဆိုင်ဖြစ်ပါသည်', '16.7888639', '96.1690479', '0','+11111','+11111','+11111', '', '0', '0', '2020-04-04 17:50:39', '');
INSERT INTO "public"."shop" ("id", "name_uni", "name_zawgyi","description", "lat", "lon", "menu_id","phone_number_1","phone_number_2","phone_number_3", "address", "township_id", "region_id", "created_at", "updated_at") VALUES ('11', 'ရောင်နက်ဗလီ ရှေ့ ကဆင်ဘိုင်', 'ရောင်နက်ဗလီ ရှေ့ ကဆင်ဘိုင်','ရမ်ဇမ် လအတွက်သာဖွင့်သောဆိုင်ဖြစ်ပါသည်', '16.7894243', '96.1672589', '0','+11111','+11111','+11111', '', '0', '0', '2020-04-04 17:44:56', '');
INSERT INTO "public"."shop" ("id", "name_uni", "name_zawgyi","description", "lat", "lon", "menu_id","phone_number_1","phone_number_2","phone_number_3", "address", "township_id", "region_id", "created_at", "updated_at") VALUES ('12', 'ရောင်နက်ဗလီ ရှေ့ ကဆင်ဘိုင်', 'ရောင်နက်ဗလီ ရှေ့ ဇမ်ဇမ်','ရမ်ဇမ် လအတွက်သာဖွင့်သောဆိုင်ဖြစ်ပါသည်', '16.7895347', '96.1684766', '0','+11111','+11111','+11111', '', '0', '0', '2020-04-04 17:48:46', '');
INSERT INTO "public"."shop" ("id", "name_uni", "name_zawgyi","description", "lat", "lon", "menu_id","phone_number_1","phone_number_2","phone_number_3", "address", "township_id", "region_id", "created_at", "updated_at") VALUES ('13', 'ရောင်နက်ဗလီ ရှေ့ ဟူစိန်ဘိုင် ဖရဲသီး', 'ရောင်နက်ဗလီ ရှေ့ ဟူစိန်ဘိုင် ဖရဲသီး','ရမ်ဇမ် လအတွက်သာဖွင့်သောဆိုင်ဖြစ်ပါသည်', '16.7888639', '96.1690479', '0','+11111','+11111','+11111', '', '0', '0', '2020-04-04 17:50:39', '');
INSERT INTO "public"."shop" ("id", "name_uni", "name_zawgyi","description", "lat", "lon", "menu_id","phone_number_1","phone_number_2","phone_number_3", "address", "township_id", "region_id", "created_at", "updated_at") VALUES ('14', 'ရောင်နက်ဗလီ ရှေ့ ဟူစိန်ဘိုင် ဖရဲသီး', 'ရောင်နက်ဗလီ ရှေ့ ငုံးဆိုင်','ရမ်ဇမ် လအတွက်သာဖွင့်သောဆိုင်ဖြစ်ပါသည်', '16.7888228', '96.1693229', '0','+11111','+11111','+11111', '', '0', '0', '2020-04-04 17:53:52', '');

INSERT INTO "public"."shop" ("id", "name_uni", "name_zawgyi","description", "lat", "lon", "menu_id","phone_number_1","phone_number_2","phone_number_3", "address", "township_id", "region_id", "created_at", "updated_at") VALUES ('15', 'ရောင်နက်ဗလီ ရှေ့ ကဆင်ဘိုင်', 'ရောင်နက်ဗလီ ရှေ့ ကဆင်ဘိုင်','ရမ်ဇမ် လအတွက်သာဖွင့်သောဆိုင်ဖြစ်ပါသည်', '16.7894243', '96.1672589', '0','+11111','+11111','+11111', '', '0', '0', '2020-04-04 17:44:56', '');
INSERT INTO "public"."shop" ("id", "name_uni", "name_zawgyi","description", "lat", "lon", "menu_id","phone_number_1","phone_number_2","phone_number_3", "address", "township_id", "region_id", "created_at", "updated_at") VALUES ('16', 'ရောင်နက်ဗလီ ရှေ့ ကဆင်ဘိုင်', 'ရောင်နက်ဗလီ ရှေ့ ဇမ်ဇမ်','ရမ်ဇမ် လအတွက်သာဖွင့်သောဆိုင်ဖြစ်ပါသည်', '16.7895347', '96.1684766', '0','+11111','+11111','+11111', '', '0', '0', '2020-04-04 17:48:46', '');
INSERT INTO "public"."shop" ("id", "name_uni", "name_zawgyi","description", "lat", "lon", "menu_id","phone_number_1","phone_number_2","phone_number_3", "address", "township_id", "region_id", "created_at", "updated_at") VALUES ('17', 'ရောင်နက်ဗလီ ရှေ့ ဟူစိန်ဘိုင် ဖရဲသီး', 'ရောင်နက်ဗလီ ရှေ့ ဟူစိန်ဘိုင် ဖရဲသီး','ရမ်ဇမ် လအတွက်သာဖွင့်သောဆိုင်ဖြစ်ပါသည်', '16.7888639', '96.1690479', '0','+11111','+11111','+11111', '', '0', '0', '2020-04-04 17:50:39', '');
INSERT INTO "public"."shop" ("id", "name_uni", "name_zawgyi","description", "lat", "lon", "menu_id","phone_number_1","phone_number_2","phone_number_3", "address", "township_id", "region_id", "created_at", "updated_at") VALUES ('18', 'ရောင်နက်ဗလီ ရှေ့ ကဆင်ဘိုင်', 'ရောင်နက်ဗလီ ရှေ့ ကဆင်ဘိုင်','ရမ်ဇမ် လအတွက်သာဖွင့်သောဆိုင်ဖြစ်ပါသည်', '16.7894243', '96.1672589', '0','+11111','+11111','+11111', '', '0', '0', '2020-04-04 17:44:56', '');
INSERT INTO "public"."shop" ("id", "name_uni", "name_zawgyi","description", "lat", "lon", "menu_id","phone_number_1","phone_number_2","phone_number_3", "address", "township_id", "region_id", "created_at", "updated_at") VALUES ('19', 'ရောင်နက်ဗလီ ရှေ့ ကဆင်ဘိုင်', 'ရောင်နက်ဗလီ ရှေ့ ဇမ်ဇမ်','ရမ်ဇမ် လအတွက်သာဖွင့်သောဆိုင်ဖြစ်ပါသည်', '16.7895347', '96.1684766', '0','+11111','+11111','+11111', '', '0', '0', '2020-04-04 17:48:46', '');
INSERT INTO "public"."shop" ("id", "name_uni", "name_zawgyi","description", "lat", "lon", "menu_id","phone_number_1","phone_number_2","phone_number_3", "address", "township_id", "region_id", "created_at", "updated_at") VALUES ('20', 'ရောင်နက်ဗလီ ရှေ့ ဟူစိန်ဘိုင် ဖရဲသီး', 'ရောင်နက်ဗလီ ရှေ့ ဟူစိန်ဘိုင် ဖရဲသီး', 'ရမ်ဇမ် လအတွက်သာဖွင့်သောဆိုင်ဖြစ်ပါသည်','16.7888639', '96.1690479', '0','+11111','+11111','+11111', '', '0', '0', '2020-04-04 17:50:39', '');
INSERT INTO "public"."shop" ("id", "name_uni", "name_zawgyi","description", "lat", "lon", "menu_id","phone_number_1","phone_number_2","phone_number_3", "address", "township_id", "region_id", "created_at", "updated_at") VALUES ('21', 'ရောင်နက်ဗလီ ရှေ့ ဟူစိန်ဘိုင် ဖရဲသီး', 'ရောင်နက်ဗလီ ရှေ့ ငုံးဆိုင်','ရမ်ဇမ် လအတွက်သာဖွင့်သောဆိုင်ဖြစ်ပါသည်', '16.7888228', '96.1693229', '0','+11111','+11111','+11111', '', '0', '0', '2020-04-04 17:53:52', '');
INSERT INTO "public"."shop" ("id", "name_uni", "name_zawgyi","description", "lat", "lon", "menu_id","phone_number_1","phone_number_2","phone_number_3", "address", "township_id", "region_id", "created_at", "updated_at") VALUES ('22', 'ရောင်နက်ဗလီ ရှေ့ ကဆင်ဘိုင်', 'ရောင်နက်ဗလီ ရှေ့ ကဆင်ဘိုင်','ရမ်ဇမ် လအတွက်သာဖွင့်သောဆိုင်ဖြစ်ပါသည်', '16.7894243', '96.1672589', '0','+11111','+11111','+11111', '', '0', '0', '2020-04-04 17:44:56', '');
INSERT INTO "public"."shop" ("id", "name_uni", "name_zawgyi","description", "lat", "lon", "menu_id","phone_number_1","phone_number_2","phone_number_3", "address", "township_id", "region_id", "created_at", "updated_at") VALUES ('23', 'ရောင်နက်ဗလီ ရှေ့ ကဆင်ဘိုင်', 'ရောင်နက်ဗလီ ရှေ့ ဇမ်ဇမ်', 'ရမ်ဇမ် လအတွက်သာဖွင့်သောဆိုင်ဖြစ်ပါသည်','16.7895347', '96.1684766', '0','+11111','+11111','+11111', '', '0', '0', '2020-04-04 17:48:46', '');
INSERT INTO "public"."shop" ("id", "name_uni", "name_zawgyi","description", "lat", "lon", "menu_id","phone_number_1","phone_number_2","phone_number_3", "address", "township_id", "region_id", "created_at", "updated_at") VALUES ('24', 'ရောင်နက်ဗလီ ရှေ့ ဟူစိန်ဘိုင် ဖရဲသီး', 'ရောင်နက်ဗလီ ရှေ့ ဟူစိန်ဘိုင် ဖရဲသီး', 'ရမ်ဇမ် လအတွက်သာဖွင့်သောဆိုင်ဖြစ်ပါသည်','16.7888639', '96.1690479', '0','+11111','+11111','+11111', '', '0', '0', '2020-04-04 17:50:39', '');
INSERT INTO "public"."shop" ("id", "name_uni", "name_zawgyi","description", "lat", "lon", "menu_id","phone_number_1","phone_number_2","phone_number_3", "address", "township_id", "region_id", "created_at", "updated_at") VALUES ('25', 'ရောင်နက်ဗလီ ရှေ့ ကဆင်ဘိုင်', 'ရောင်နက်ဗလီ ရှေ့ ကဆင်ဘိုင်','ရမ်ဇမ် လအတွက်သာဖွင့်သောဆိုင်ဖြစ်ပါသည်', '16.7894243', '96.1672589', '0','+11111','+11111','+11111', '', '0', '0', '2020-04-04 17:44:56', '');
INSERT INTO "public"."shop" ("id", "name_uni", "name_zawgyi","description", "lat", "lon", "menu_id","phone_number_1","phone_number_2","phone_number_3", "address", "township_id", "region_id", "created_at", "updated_at") VALUES ('26', 'ရောင်နက်ဗလီ ရှေ့ ကဆင်ဘိုင်', 'ရောင်နက်ဗလီ ရှေ့ ဇမ်ဇမ်', 'ရမ်ဇမ် လအတွက်သာဖွင့်သောဆိုင်ဖြစ်ပါသည်','16.7895347', '96.1684766', '0','+11111','+11111','+11111', '', '0', '0', '2020-04-04 17:48:46', '');
INSERT INTO "public"."shop" ("id", "name_uni", "name_zawgyi","description", "lat", "lon", "menu_id","phone_number_1","phone_number_2","phone_number_3", "address", "township_id", "region_id", "created_at", "updated_at") VALUES ('27', 'ရောင်နက်ဗလီ ရှေ့ ဟူစိန်ဘိုင် ဖရဲသီး', 'ရောင်နက်ဗလီ ရှေ့ ဟူစိန်ဘိုင် ဖရဲသီး','ရမ်ဇမ် လအတွက်သာဖွင့်သောဆိုင်ဖြစ်ပါသည်', '16.7888639', '96.1690479', '0','+11111','+11111','+11111', '', '0', '0', '2020-04-04 17:50:39', '');
INSERT INTO "public"."shop" ("id", "name_uni", "name_zawgyi","description", "lat", "lon", "menu_id","phone_number_1","phone_number_2","phone_number_3", "address", "township_id", "region_id", "created_at", "updated_at") VALUES ('28', 'ရောင်နက်ဗလီ ရှေ့ ဟူစိန်ဘိုင် ဖရဲသီး', 'ရောင်နက်ဗလီ ရှေ့ ငုံးဆိုင်','ရမ်ဇမ် လအတွက်သာဖွင့်သောဆိုင်ဖြစ်ပါသည်', '16.7888228', '96.1693229', '0','+11111','+11111','+11111', '', '0', '0', '2020-04-04 17:53:52', '');